{"cameraMode":{"drawMode":0,"name":"Shaded","section":"Shading Mode"},"sceneLighting":false,"audioPlay":false,"sceneViewState":{"m_AlwaysRefresh":false,"showFog":false,"showSkybox":false,"showFlares":false,"showImageEffects":false,"showParticleSystems":false,"showVisualEffectGraphs":true,"m_FxEnabled":true},"in2DMode":false,"pivot":{"x":0.02439931035041809,"y":0.8358092308044434,"z":0.09406816959381104},"rotation":{"x":-0.11658433824777603,"y":0.640540361404419,"z":-0.09858240932226181,"w":-0.7522966861724854},"size":1.2238056659698487,"orthographic":false}