{"cameraMode":{"drawMode":0,"name":"Shaded","section":"Shading Mode"},"sceneLighting":false,"audioPlay":false,"sceneViewState":{"m_AlwaysRefresh":false,"showFog":false,"showSkybox":false,"showFlares":false,"showImageEffects":false,"showParticleSystems":false,"showVisualEffectGraphs":true,"m_FxEnabled":true},"in2DMode":false,"pivot":{"x":0.08426474779844284,"y":1.196800947189331,"z":0.369249165058136},"rotation":{"x":-0.0018890292849391699,"y":0.9983266592025757,"z":-0.03174622729420662,"w":-0.043480824679136279},"size":1.2088127136230469,"orthographic":false}