{"cameraMode":{"drawMode":0,"name":"Shaded","section":"Shading Mode"},"sceneLighting":true,"audioPlay":false,"sceneViewState":{"m_AlwaysRefresh":false,"showFog":true,"showSkybox":true,"showFlares":true,"showImageEffects":true,"showParticleSystems":true,"showVisualEffectGraphs":true,"m_FxEnabled":true},"in2DMode":false,"pivot":{"x":-87.66392517089844,"y":14.080262184143067,"z":11.776693344116211},"rotation":{"x":0.001192919327877462,"y":-0.6395463943481445,"z":-0.0009441461879760027,"w":0.7683543562889099},"size":72.606201171875,"orthographic":false}